Tamil,English
அருவி (Aruvi),Waterfall
யானை (Yaanai),Elephant
பூ (Poo),Flower
மழை (Mazhai),Rain
கடல் (Kadal),Sea
மரம் (Maram),Tree
நபர் (Nabar),Person
மண் (Mann),Soil
நாய் (Naai),Dog
பசு (Pasu),Cow
புலி (Puli),Tiger
கல் (Kal),Stone
வானம் (Vaanam),Sky
கனி (Kani),Fruit
தங்கம் (Thangam),Gold
முத்து (Muthu),Pearl
மலர் (Malar),Flower
வெற்றி (Vettri),Success
மனிதன் (Manithan),Human
மருந்து (Marunthu),Medicine
பழம் (Pazham),Fruit
சூரியன் (Sooriyan),Sun
வாகனம் (Vaganam),Vehicle
கோபம் (Kobam),Anger
நகை (Nagai),Jewelry
வலி (Vali),Pain
கழுகு (Kazhugu),Eagle
வயது (Vayathu),Age
திரை (Thirai),Screen
சாலை (Saalaai),Road
தூக்கம் (Thookkam),Sleep
இறைவன் (Iraivan),God
குறள் (Kural),Verse
நதி (Nadhi),River
சிரிப்பு (Sirippu),Smile
குடும்பம் (Kudumbam),Family
பேர் (Per),Name
கை (Kai),Hand
முகம் (Mugam),Face
வீடு (Veedu),House
பாதை (Paathai),Path
நேரம் (Neram),Time
படம் (Padam),Movie
கற்றல் (Katral),Learning
பயம் (Bayam),Fear
அன்பு (Anbu),Love
சுத்தம் (Suththam),Cleanliness
நினைவு (Ninaivu),Memory
நன்றி (Nandri),Thanks
இரவு (Iravu),Night
பகல் (Pagal),Day
சக்கரம் (Sakkaram),Wheel
அகம் (Agam),Inside
புறம் (Puram),Outside
மிதி (Mithi),Step
சதுரம் (Sathuram),Square
மலை (Malai),Hill
காடு (Kaadu),Forest
சந்திரன் (Chandhiran),Moon
